<?xml version="1.0" encoding="UTF-8"?>
<project-private xmlns="http://www.netbeans.org/ns/project-private/1">
    <editor-bookmarks xmlns="http://www.netbeans.org/ns/editor-bookmarks/2" lastBookmarkId="0"/>
    <open-files xmlns="http://www.netbeans.org/ns/projectui-open-files/2">
        <group>
            <file>file:/C:/Users/martina/OneDrive/Documents/NetBeansProjects/Parcial1_321/src/parcial1_321/AcuarioMarino.java</file>
            <file>file:/C:/Users/martina/OneDrive/Documents/NetBeansProjects/Parcial1_321/src/parcial1_321/Alimentados.java</file>
            <file>file:/C:/Users/martina/OneDrive/Documents/NetBeansProjects/Parcial1_321/src/parcial1_321/Coral.java</file>
            <file>file:/C:/Users/martina/OneDrive/Documents/NetBeansProjects/Parcial1_321/src/parcial1_321/EspecieMarina.java</file>
            <file>file:/C:/Users/martina/OneDrive/Documents/NetBeansProjects/Parcial1_321/src/parcial1_321/EspecieRepetidaException.java</file>
            <file>file:/C:/Users/martina/OneDrive/Documents/NetBeansProjects/Parcial1_321/src/parcial1_321/Molusco.java</file>
            <file>file:/C:/Users/martina/OneDrive/Documents/NetBeansProjects/Parcial1_321/src/parcial1_321/Parcial1_321.java</file>
            <file>file:/C:/Users/martina/OneDrive/Documents/NetBeansProjects/Parcial1_321/src/parcial1_321/Movible.java</file>
            <file>file:/C:/Users/martina/OneDrive/Documents/NetBeansProjects/Parcial1_321/src/parcial1_321/Pez.java</file>
            <file>file:/C:/Users/martina/OneDrive/Documents/NetBeansProjects/Parcial1_321/src/parcial1_321/TipoAgua.java</file>
        </group>
    </open-files>
</project-private>
